IndicatorCode,Indicator,ValueType,ParentLocationCode,ParentLocation,Location type,SpatialDimValueCode,Location,Period type,Period,IsLatestYear,Dim1 type,Dim1,Dim1ValueCode,Dim2 type,Dim2,Dim2ValueCode,Dim3 type,Dim3,Dim3ValueCode,DataSourceDimValueCode,DataSource,FactValueNumericPrefix,FactValueNumeric,FactValueUoM,FactValueNumericLowPrefix,FactValueNumericLow,FactValueNumericHighPrefix,FactValueNumericHigh,Value,FactValueTranslationID,FactComments,Language,DateModified
SDGPM25,Concentrations of fine particulate matter (PM2.5),text,EUR,Europe,Country,LUX,Luxembourg,Year,2016,true,Residence Area Type,Total,TOTL,,,,,,,,,,10.02,,,9.25,,10.72,10.02 [9.25 – 10.72],,,EN,2021-05-07T04:00:00.000Z
SDGPM25,Concentrations of fine particulate matter (PM2.5),text,EUR,Europe,Country,SMR,San Marino,Year,2016,true,Residence Area Type,Total,TOTL,,,,,,,,,,10.06,,,7.63,,13.76,10.06 [7.63 – 13.76],,,EN,2021-05-07T04:00:00.000Z
SDGPM25,Concentrations of fine particulate matter (PM2.5),text,EUR,Europe,Country,CHE,Switzerland,Year,2016,true,Residence Area Type,Total,TOTL,,,,,,,,,,10.11,,,9.86,,10.46,10.11 [9.86 – 10.46],,,EN,2021-05-07T04:00:00.000Z
SDGPM25,Concentrations of fine particulate matter (PM2.5),text,WPR,Western Pacific,Country,MHL,Marshall Islands,Year,2016,true,Residence Area Type,Total,TOTL,,,,,,,,,,10.2,,,3.95,,27.83,10.2 [3.95 – 27.83],,,EN,2021-05-07T04:00:00.000Z
SDGPM25,Concentrations of fine particulate matter (PM2.5),text,EUR,Europe,Country,GBR,United Kingdom of Great Britain and Northern Ireland,Year,2016,true,Residence Area Type,Total,TOTL,,,,,,,,,,10.33,,,9.89,,10.66,10.33 [9.89 – 10.66],,,EN,2021-05-07T04:00:00.000Z
SDGPM25,Concentrations of fine particulate matter (PM2.5),text,WPR,Western Pacific,Country,VUT,Vanuatu,Year,2016,true,Residence Area Type,Total,TOTL,,,,,,,,,,10.5,,,3.62,,31.29,10.5 [3.62 – 31.29],,,EN,2021-05-07T04:00:00.000Z
SDGPM25,Concentrations of fine particulate matter (PM2.5),text,AFR,Africa,Country,MUS,Mauritius,Year,2016,true,Residence Area Type,Total,TOTL,,,,,,,,,,10.52,,,7.22,,16.54,10.52 [7.22 – 16.54],,,EN,2021-05-07T04:00:00.000Z
SDGPM25,Concentrations of fine particulate matter (PM2.5),text,WPR,Western Pacific,Country,FSM,Micronesia (Federated States of),Year,2016,true,Residence Area Type,Total,TOTL,,,,,,,,,,10.54,,,3.5,,30.41,10.54 [3.5 – 30.41],,,EN,2021-05-07T04:00:00.000Z
SDGPM25,Concentrations of fine particulate matter (PM2.5),text,WPR,Western Pacific,Country,FJI,Fiji,Year,2016,true,Residence Area Type,Total,TOTL,,,,,,,,,,10.7,,,3.48,,28.91,10.7 [3.48 – 28.91],,,EN,2021-05-07T04:00:00.000Z
SDGPM25,Concentrations of fine particulate matter (PM2.5),text,EUR,Europe,Country,LTU,Lithuania,Year,2016,true,Residence Area Type,Total,TOTL,,,,,,,,,,10.71,,,9.9,,12.43,10.71 [9.9 – 12.43],,,EN,2021-05-07T04:00:00.000Z
SDGPM25,Concentrations of fine particulate matter (PM2.5),text,WPR,Western Pacific,Country,WSM,Samoa,Year,2016,true,Residence Area Type,Total,TOTL,,,,,,,,,,10.76,,,3.12,,33.68,10.76 [3.12 – 33.68],,,EN,2021-05-07T04:00:00.000Z
SDGPM25,Concentrations of fine particulate matter (PM2.5),text,WPR,Western Pacific,Country,TON,Tonga,Year,2016,true,Residence Area Type,Total,TOTL,,,,,,,,,,10.95,,,3.66,,27.83,10.95 [3.66 – 27.83],,,EN,2021-05-07T04:00:00.000Z
SDGPM25,Concentrations of fine particulate matter (PM2.5),text,SEAR,South-East Asia,Country,MDV,Maldives,Year,2016,true,Residence Area Type,Total,TOTL,,,,,,,,,,10.97,,,8.6,,14.44,10.97 [8.6 – 14.44],,,EN,2021-05-07T04:00:00.000Z
SDGPM25,Concentrations of fine particulate matter (PM2.5),text,WPR,Western Pacific,Country,KIR,Kiribati,Year,2016,true,Residence Area Type,Total,TOTL,,,,,,,,,,11.07,,,3.74,,29.82,11.07 [3.74 – 29.82],,,EN,2021-05-07T04:00:00.000Z
SDGPM25,Concentrations of fine particulate matter (PM2.5),text,WPR,Western Pacific,Country,PNG,Papua New Guinea,Year,2016,true,Residence Area Type,Total,TOTL,,,,,,,,,,11.11,,,3.73,,33.07,11.11 [3.73 – 33.07],,,EN,2021-05-07T04:00:00.000Z
SDGPM25,Concentrations of fine particulate matter (PM2.5),text,WPR,Western Pacific,Country,SLB,Solomon Islands,Year,2016,true,Residence Area Type,Total,TOTL,,,,,,,,,,11.12,,,4.12,,31.63,11.12 [4.12 – 31.63],,,EN,2021-05-07T04:00:00.000Z
SDGPM25,Concentrations of fine particulate matter (PM2.5),text,EUR,Europe,Country,FRA,France,Year,2016,true,Residence Area Type,Total,TOTL,,,,,,,,,,11.45,,,11.46,,11.91,11.45 [11.46 – 11.91],,,EN,2021-05-07T04:00:00.000Z
SDGPM25,Concentrations of fine particulate matter (PM2.5),text,EUR,Europe,Country,DEU,Germany,Year,2016,true,Residence Area Type,Total,TOTL,,,,,,,,,,11.51,,,11.53,,12.01,11.51 [11.53 – 12.01],,,EN,2021-05-07T04:00:00.000Z
SDGPM25,Concentrations of fine particulate matter (PM2.5),text,EUR,Europe,Country,MCO,Monaco,Year,2016,true,Residence Area Type,Total,TOTL,,,,,,,,,,11.52,,,9.16,,14.47,11.52 [9.16 – 14.47],,,EN,2021-05-07T04:00:00.000Z
SDGPM25,Concentrations of fine particulate matter (PM2.5),text,AMR,Americas,Country,BRA,Brazil,Year,2016,true,Residence Area Type,Total,TOTL,,,,,,,,,,11.62,,,10.63,,13.69,11.62 [10.63 – 13.69],,,EN,2021-05-07T04:00:00.000Z
SDGPM25,Concentrations of fine particulate matter (PM2.5),text,AMR,Americas,Country,PRY,Paraguay,Year,2016,true,Residence Area Type,Total,TOTL,,,,,,,,,,11.94,,,8.99,,17.23,11.94 [8.99 – 17.23],,,EN,2021-05-07T04:00:00.000Z
SDGPM25,Concentrations of fine particulate matter (PM2.5),text,EUR,Europe,Country,NLD,Netherlands,Year,2016,true,Residence Area Type,Total,TOTL,,,,,,,,,,11.96,,,11.52,,12.39,11.96 [11.52 – 12.39],,,EN,2021-05-07T04:00:00.000Z
SDGPM25,Concentrations of fine particulate matter (PM2.5),text,EUR,Europe,Country,AUT,Austria,Year,2016,true,Residence Area Type,Total,TOTL,,,,,,,,,,12.15,,,11.84,,12.61,12.15 [11.84 – 12.61],,,EN,2021-05-07T04:00:00.000Z
SDGPM25,Concentrations of fine particulate matter (PM2.5),text,EUR,Europe,Country,LVA,Latvia,Year,2016,true,Residence Area Type,Total,TOTL,,,,,,,,,,12.33,,,11.33,,14.72,12.33 [11.33 – 14.72],,,EN,2021-05-07T04:00:00.000Z
SDGPM25,Concentrations of fine particulate matter (PM2.5),text,AMR,Americas,Country,ARG,Argentina,Year,2016,true,Residence Area Type,Total,TOTL,,,,,,,,,,12.58,,,10.81,,18.72,12.58 [10.81 – 18.72],,,EN,2021-05-07T04:00:00.000Z
SDGPM25,Concentrations of fine particulate matter (PM2.5),text,EUR,Europe,Country,BEL,Belgium,Year,2016,true,Residence Area Type,Total,TOTL,,,,,,,,,,12.68,,,12.32,,13.26,12.68 [12.32 – 13.26],,,EN,2021-05-07T04:00:00.000Z
SDGPM25,Concentrations of fine particulate matter (PM2.5),text,EUR,Europe,Country,MLT,Malta,Year,2016,true,Residence Area Type,Total,TOTL,,,,,,,,,,13.14,,,11.75,,14.38,13.14 [11.75 – 14.38],,,EN,2021-05-07T04:00:00.000Z
SDGPM25,Concentrations of fine particulate matter (PM2.5),text,WPR,Western Pacific,Country,JPN,Japan,Year,2016,true,Residence Area Type,Total,TOTL,,,,,,,,,,13.42,,,12.08,,15.19,13.42 [12.08 – 15.19],,,EN,2021-05-07T04:00:00.000Z
SDGPM25,Concentrations of fine particulate matter (PM2.5),text,EUR,Europe,Country,MDA,Republic of Moldova,Year,2016,true,Residence Area Type,Total,TOTL,,,,,,,,,,13.55,,,9.96,,19.26,13.55 [9.96 – 19.26],,,EN,2021-05-07T04:00:00.000Z
SDGPM25,Concentrations of fine particulate matter (PM2.5),text,AFR,Africa,Country,SYC,Seychelles,Year,2016,true,Residence Area Type,Total,TOTL,,,,,,,,,,13.67,,,9.16,,22.21,13.67 [9.16 – 22.21],,,EN,2021-05-07T04:00:00.000Z
SDGPM25,Concentrations of fine particulate matter (PM2.5),text,EUR,Europe,Country,UKR,Ukraine,Year,2016,true,Residence Area Type,Total,TOTL,,,,,,,,,,13.98,,,10.83,,19.98,13.98 [10.83 – 19.98],,,EN,2021-05-07T04:00:00.000Z
SDGPM25,Concentrations of fine particulate matter (PM2.5),text,EUR,Europe,Country,GRC,Greece,Year,2016,true,Residence Area Type,Total,TOTL,,,,,,,,,,14.04,,,13.17,,15.52,14.04 [13.17 – 15.52],,,EN,2021-05-07T04:00:00.000Z
SDGPM25,Concentrations of fine particulate matter (PM2.5),text,EUR,Europe,Country,CYP,Cyprus,Year,2016,true,Residence Area Type,Total,TOTL,,,,,,,,,,14.72,,,12.98,,16.43,14.72 [12.98 – 16.43],,,EN,2021-05-07T04:00:00.000Z
SDGPM25,Concentrations of fine particulate matter (PM2.5),text,AMR,Americas,Country,PAN,Panama,Year,2016,true,Residence Area Type,Total,TOTL,,,,,,,,,,14.74,,,11.08,,19.82,14.74 [11.08 – 19.82],,,EN,2021-05-07T04:00:00.000Z
SDGPM25,Concentrations of fine particulate matter (PM2.5),text,EUR,Europe,Country,ROU,Romania,Year,2016,true,Residence Area Type,Total,TOTL,,,,,,,,,,14.76,,,14.43,,16.01,14.76 [14.43 – 16.01],,,EN,2021-05-07T04:00:00.000Z
SDGPM25,Concentrations of fine particulate matter (PM2.5),text,EUR,Europe,Country,ITA,Italy,Year,2016,true,Residence Area Type,Total,TOTL,,,,,,,,,,14.84,,,15.56,,16.11,14.84 [15.56 – 16.11],,,EN,2021-05-07T04:00:00.000Z
SDGPM25,Concentrations of fine particulate matter (PM2.5),text,AMR,Americas,Country,JAM,Jamaica,Year,2016,true,Residence Area Type,Total,TOTL,,,,,,,,,,14.86,,,11.44,,20.28,14.86 [11.44 – 20.28],,,EN,2021-05-07T04:00:00.000Z
SDGPM25,Concentrations of fine particulate matter (PM2.5),text,AFR,Africa,Country,COM,Comoros,Year,2016,true,Residence Area Type,Total,TOTL,,,,,,,,,,15.34,,,8.58,,25.21,15.34 [8.58 – 25.21],,,EN,2021-05-07T04:00:00.000Z
SDGPM25,Concentrations of fine particulate matter (PM2.5),text,EUR,Europe,Country,CZE,Czechia,Year,2016,true,Residence Area Type,Total,TOTL,,,,,,,,,,15.41,,,15.7,,16.82,15.41 [15.7 – 16.82],,,EN,2021-05-07T04:00:00.000Z
SDGPM25,Concentrations of fine particulate matter (PM2.5),text,EUR,Europe,Country,HUN,Hungary,Year,2016,true,Residence Area Type,Total,TOTL,,,,,,,,,,16.04,,,15.19,,17.38,16.04 [15.19 – 17.38],,,EN,2021-05-07T04:00:00.000Z
SDGPM25,Concentrations of fine particulate matter (PM2.5),text,AMR,Americas,Country,DOM,Dominican Republic,Year,2016,true,Residence Area Type,Total,TOTL,,,,,,,,,,16.04,,,7.86,,35.27,16.04 [7.86 – 35.27],,,EN,2021-05-07T04:00:00.000Z
SDGPM25,Concentrations of fine particulate matter (PM2.5),text,WPR,Western Pacific,Country,MYS,Malaysia,Year,2016,true,Residence Area Type,Total,TOTL,,,,,,,,,,16.27,,,13.79,,19.37,16.27 [13.79 – 19.37],,,EN,2021-05-07T04:00:00.000Z
SDGPM25,Concentrations of fine particulate matter (PM2.5),text,EUR,Europe,Country,SVN,Slovenia,Year,2016,true,Residence Area Type,Total,TOTL,,,,,,,,,,16.29,,,15.5,,17.49,16.29 [15.5 – 17.49],,,EN,2021-05-07T04:00:00.000Z
SDGPM25,Concentrations of fine particulate matter (PM2.5),text,SEAR,South-East Asia,Country,TLS,Timor-Leste,Year,2016,true,Residence Area Type,Total,TOTL,,,,,,,,,,16.34,,,7.56,,37.81,16.34 [7.56 – 37.81],,,EN,2021-05-07T04:00:00.000Z
SDGPM25,Concentrations of fine particulate matter (PM2.5),text,EUR,Europe,Country,BLR,Belarus,Year,2016,true,Residence Area Type,Total,TOTL,,,,,,,,,,16.36,,,14.72,,19.61,16.36 [14.72 – 19.61],,,EN,2021-05-07T04:00:00.000Z
SDGPM25,Concentrations of fine particulate matter (PM2.5),text,SEAR,South-East Asia,Country,LKA,Sri Lanka,Year,2016,true,Residence Area Type,Total,TOTL,,,,,,,,,,16.54,,,11.83,,24.06,16.54 [11.83 – 24.06],,,EN,2021-05-07T04:00:00.000Z
SDGPM25,Concentrations of fine particulate matter (PM2.5),text,AMR,Americas,Country,BHS,Bahamas,Year,2016,true,Residence Area Type,Total,TOTL,,,,,,,,,,16.57,,,8.02,,38.84,16.57 [8.02 – 38.84],,,EN,2021-05-07T04:00:00.000Z
SDGPM25,Concentrations of fine particulate matter (PM2.5),text,WPR,Western Pacific,Country,SGP,Singapore,Year,2016,true,Residence Area Type,Total,TOTL,,,,,,,,,,17.24,,,12.85,,23.33,17.24 [12.85 – 23.33],,,EN,2021-05-07T04:00:00.000Z
SDGPM25,Concentrations of fine particulate matter (PM2.5),text,EUR,Europe,Country,HRV,Croatia,Year,2016,true,Residence Area Type,Total,TOTL,,,,,,,,,,17.26,,,15.93,,18.95,17.26 [15.93 – 18.95],,,EN,2021-05-07T04:00:00.000Z
SDGPM25,Concentrations of fine particulate matter (PM2.5),text,AFR,Africa,Country,MDG,Madagascar,Year,2016,true,Residence Area Type,Total,TOTL,,,,,,,,,,17.5,,,10.54,,29.9,17.5 [10.54 – 29.9],,,EN,2021-05-07T04:00:00.000Z
SDGPM25,Concentrations of fine particulate matter (PM2.5),text,AMR,Americas,Country,HTI,Haiti,Year,2016,true,Residence Area Type,Total,TOTL,,,,,,,,,,17.56,,,8.56,,38.79,17.56 [8.56 – 38.79],,,EN,2021-05-07T04:00:00.000Z
SDGPM25,Concentrations of fine particulate matter (PM2.5),text,EUR,Europe,Country,SVK,Slovakia,Year,2016,true,Residence Area Type,Total,TOTL,,,,,,,,,,17.82,,,17.1,,19.05,17.82 [17.1 – 19.05],,,EN,2021-05-07T04:00:00.000Z
SDGPM25,Concentrations of fine particulate matter (PM2.5),text,EUR,Europe,Country,KAZ,Kazakhstan,Year,2016,true,Residence Area Type,Total,TOTL,,,,,,,,,,17.84,,,13.03,,29.6,17.84 [13.03 – 29.6],,,EN,2021-05-07T04:00:00.000Z
SDGPM25,Concentrations of fine particulate matter (PM2.5),text,EUR,Europe,Country,ALB,Albania,Year,2016,true,Residence Area Type,Total,TOTL,,,,,,,,,,18.07,,,16.61,,21.04,18.07 [16.61 – 21.04],,,EN,2021-05-07T04:00:00.000Z
SDGPM25,Concentrations of fine particulate matter (PM2.5),text,EUR,Europe,Country,TKM,Turkmenistan,Year,2016,true,Residence Area Type,Total,TOTL,,,,,,,,,,18.24,,,12.89,,35.91,18.24 [12.89 – 35.91],,,EN,2021-05-07T04:00:00.000Z
SDGPM25,Concentrations of fine particulate matter (PM2.5),text,AMR,Americas,Country,COL,Colombia,Year,2016,true,Residence Area Type,Total,TOTL,,,,,,,,,,18.45,,,15.33,,25.99,18.45 [15.33 – 25.99],,,EN,2021-05-07T04:00:00.000Z
SDGPM25,Concentrations of fine particulate matter (PM2.5),text,EUR,Europe,Country,ISR,Israel,Year,2016,true,Residence Area Type,Total,TOTL,,,,,,,,,,18.52,,,17.08,,18.99,18.52 [17.08 – 18.99],,,EN,2021-05-07T04:00:00.000Z
SDGPM25,Concentrations of fine particulate matter (PM2.5),text,AMR,Americas,Country,CRI,Costa Rica,Year,2016,true,Residence Area Type,Total,TOTL,,,,,,,,,,18.69,,,16.06,,21.54,18.69 [16.06 – 21.54],,,EN,2021-05-07T04:00:00.000Z
SDGPM25,Concentrations of fine particulate matter (PM2.5),text,EUR,Europe,Country,BGR,Bulgaria,Year,2016,true,Residence Area Type,Total,TOTL,,,,,,,,,,19.04,,,18.46,,20.76,19.04 [18.46 – 20.76],,,EN,2021-05-07T04:00:00.000Z
SDGPM25,Concentrations of fine particulate matter (PM2.5),text,SEAR,South-East Asia,Country,IDN,Indonesia,Year,2016,true,Residence Area Type,Total,TOTL,,,,,,,,,,19.05,,,16.56,,23.89,19.05 [16.56 – 23.89],,,EN,2021-05-07T04:00:00.000Z
SDGPM25,Concentrations of fine particulate matter (PM2.5),text,AMR,Americas,Country,CUB,Cuba,Year,2016,true,Residence Area Type,Total,TOTL,,,,,,,,,,19.11,,,12.57,,31.48,19.11 [12.57 – 31.48],,,EN,2021-05-07T04:00:00.000Z
SDGPM25,Concentrations of fine particulate matter (PM2.5),text,AMR,Americas,Country,ECU,Ecuador,Year,2016,true,Residence Area Type,Total,TOTL,,,,,,,,,,19.55,,,15.8,,25.41,19.55 [15.8 – 25.41],,,EN,2021-05-07T04:00:00.000Z
SDGPM25,Concentrations of fine particulate matter (PM2.5),text,AFR,Africa,Country,SWZ,Eswatini,Year,2016,true,Residence Area Type,Total,TOTL,,,,,,,,,,19.9,,,14.11,,28.76,19.9 [14.11 – 28.76],,,EN,2021-05-07T04:00:00.000Z
SDGPM25,Concentrations of fine particulate matter (PM2.5),text,AMR,Americas,Country,VEN,Venezuela (Bolivarian Republic of),Year,2016,true,Residence Area Type,Total,TOTL,,,,,,,,,,20.26,,,15,,31.07,20.26 [15 – 31.07],,,EN,2021-05-07T04:00:00.000Z
SDGPM25,Concentrations of fine particulate matter (PM2.5),text,EUR,Europe,Country,MNE,Montenegro,Year,2016,true,Residence Area Type,Total,TOTL,,,,,,,,,,20.39,,,18.28,,24.42,20.39 [18.28 – 24.42],,,EN,2021-05-07T04:00:00.000Z
SDGPM25,Concentrations of fine particulate matter (PM2.5),text,WPR,Western Pacific,Country,LAO,Lao People's Democratic Republic,Year,2016,true,Residence Area Type,Total,TOTL,,,,,,,,,,20.46,,,16.24,,29.21,20.46 [16.24 – 29.21],,,EN,2021-05-07T04:00:00.000Z
SDGPM25,Concentrations of fine particulate matter (PM2.5),text,AMR,Americas,Country,DMA,Dominica,Year,2016,true,Residence Area Type,Total,TOTL,,,,,,,,,,20.5,,,9.71,,44.19,20.5 [9.71 – 44.19],,,EN,2021-05-07T04:00:00.000Z
SDGPM25,Concentrations of fine particulate matter (PM2.5),text,AMR,Americas,Country,BLZ,Belize,Year,2016,true,Residence Area Type,Total,TOTL,,,,,,,,,,20.61,,,7.89,,56.55,20.61 [7.89 – 56.55],,,EN,2021-05-07T04:00:00.000Z
SDGPM25,Concentrations of fine particulate matter (PM2.5),text,EUR,Europe,Country,POL,Poland,Year,2016,true,Residence Area Type,Total,TOTL,,,,,,,,,,20.96,,,20.72,,21.91,20.96 [20.72 – 21.91],,,EN,2021-05-07T04:00:00.000Z
SDGPM25,Concentrations of fine particulate matter (PM2.5),text,EUR,Europe,Country,AZE,Azerbaijan,Year,2016,true,Residence Area Type,Total,TOTL,,,,,,,,,,20.99,,,12.36,,36.96,20.99 [12.36 – 36.96],,,EN,2021-05-07T04:00:00.000Z
SDGPM25,Concentrations of fine particulate matter (PM2.5),text,AMR,Americas,Country,ATG,Antigua and Barbuda,Year,2016,true,Residence Area Type,Total,TOTL,,,,,,,,,,21.03,,,10.12,,43.22,21.03 [10.12 – 43.22],,,EN,2021-05-07T04:00:00.000Z
SDGPM25,Concentrations of fine particulate matter (PM2.5),text,AFR,Africa,Country,MOZ,Mozambique,Year,2016,true,Residence Area Type,Total,TOTL,,,,,,,,,,21.22,,,14.59,,34.14,21.22 [14.59 – 34.14],,,EN,2021-05-07T04:00:00.000Z
SDGPM25,Concentrations of fine particulate matter (PM2.5),text,WPR,Western Pacific,Country,PHL,Philippines,Year,2016,true,Residence Area Type,Total,TOTL,,,,,,,,,,21.29,,,18.79,,24.78,21.29 [18.79 – 24.78],,,EN,2021-05-07T04:00:00.000Z
SDGPM25,Concentrations of fine particulate matter (PM2.5),text,WPR,Western Pacific,Country,VNM,Viet Nam,Year,2016,true,Residence Area Type,Total,TOTL,,,,,,,,,,22.01,,,17.97,,25.44,22.01 [17.97 – 25.44],,,EN,2021-05-07T04:00:00.000Z
SDGPM25,Concentrations of fine particulate matter (PM2.5),text,EUR,Europe,Country,GEO,Georgia,Year,2016,true,Residence Area Type,Total,TOTL,,,,,,,,,,22.15,,,18.29,,31.98,22.15 [18.29 – 31.98],,,EN,2021-05-07T04:00:00.000Z
SDGPM25,Concentrations of fine particulate matter (PM2.5),text,AMR,Americas,Country,NIC,Nicaragua,Year,2016,true,Residence Area Type,Total,TOTL,,,,,,,,,,22.16,,,15.19,,31.97,22.16 [15.19 – 31.97],,,EN,2021-05-07T04:00:00.000Z
SDGPM25,Concentrations of fine particulate matter (PM2.5),text,AMR,Americas,Country,VCT,Saint Vincent and the Grenadines,Year,2016,true,Residence Area Type,Total,TOTL,,,,,,,,,,22.72,,,11.42,,56.06,22.72 [11.42 – 56.06],,,EN,2021-05-07T04:00:00.000Z
SDGPM25,Concentrations of fine particulate matter (PM2.5),text,AMR,Americas,Country,MEX,Mexico,Year,2016,true,Residence Area Type,Total,TOTL,,,,,,,,,,22.73,,,19.76,,30.1,22.73 [19.76 – 30.1],,,EN,2021-05-07T04:00:00.000Z
SDGPM25,Concentrations of fine particulate matter (PM2.5),text,AMR,Americas,Country,GRD,Grenada,Year,2016,true,Residence Area Type,Total,TOTL,,,,,,,,,,22.87,,,11.79,,57.3,22.87 [11.79 – 57.3],,,EN,2021-05-07T04:00:00.000Z
SDGPM25,Concentrations of fine particulate matter (PM2.5),text,AMR,Americas,Country,LCA,Saint Lucia,Year,2016,true,Residence Area Type,Total,TOTL,,,,,,,,,,22.89,,,11.92,,49.95,22.89 [11.92 – 49.95],,,EN,2021-05-07T04:00:00.000Z
SDGPM25,Concentrations of fine particulate matter (PM2.5),text,AMR,Americas,Country,GUY,Guyana,Year,2016,true,Residence Area Type,Total,TOTL,,,,,,,,,,23.14,,,9.89,,56.91,23.14 [9.89 – 56.91],,,EN,2021-05-07T04:00:00.000Z
SDGPM25,Concentrations of fine particulate matter (PM2.5),text,AMR,Americas,Country,TTO,Trinidad and Tobago,Year,2016,true,Residence Area Type,Total,TOTL,,,,,,,,,,23.32,,,10.5,,61.15,23.32 [10.5 – 61.15],,,EN,2021-05-07T04:00:00.000Z
SDGPM25,Concentrations of fine particulate matter (PM2.5),text,EUR,Europe,Country,KGZ,Kyrgyzstan,Year,2016,true,Residence Area Type,Total,TOTL,,,,,,,,,,23.88,,,16.88,,40.44,23.88 [16.88 – 40.44],,,EN,2021-05-07T04:00:00.000Z
SDGPM25,Concentrations of fine particulate matter (PM2.5),text,AMR,Americas,Country,CHL,Chile,Year,2016,true,Residence Area Type,Total,TOTL,,,,,,,,,,23.92,,,21.89,,25.43,23.92 [21.89 – 25.43],,,EN,2021-05-07T04:00:00.000Z
SDGPM25,Concentrations of fine particulate matter (PM2.5),text,AFR,Africa,Country,NAM,Namibia,Year,2016,true,Residence Area Type,Total,TOTL,,,,,,,,,,24.05,,,15.59,,39.55,24.05 [15.59 – 39.55],,,EN,2021-05-07T04:00:00.000Z
SDGPM25,Concentrations of fine particulate matter (PM2.5),text,AFR,Africa,Country,LSO,Lesotho,Year,2016,true,Residence Area Type,Total,TOTL,,,,,,,,,,24.49,,,18.16,,36.49,24.49 [18.16 – 36.49],,,EN,2021-05-07T04:00:00.000Z
SDGPM25,Concentrations of fine particulate matter (PM2.5),text,AMR,Americas,Country,BRB,Barbados,Year,2016,true,Residence Area Type,Total,TOTL,,,,,,,,,,24.82,,,12.38,,53.12,24.82 [12.38 – 53.12],,,EN,2021-05-07T04:00:00.000Z
SDGPM25,Concentrations of fine particulate matter (PM2.5),text,EUR,Europe,Country,SRB,Serbia,Year,2016,true,Residence Area Type,Total,TOTL,,,,,,,,,,24.85,,,22.81,,28.12,24.85 [22.81 – 28.12],,,EN,2021-05-07T04:00:00.000Z
SDGPM25,Concentrations of fine particulate matter (PM2.5),text,WPR,Western Pacific,Country,KHM,Cambodia,Year,2016,true,Residence Area Type,Total,TOTL,,,,,,,,,,25.05,,,16.59,,39.35,25.05 [16.59 – 39.35],,,EN,2021-05-07T04:00:00.000Z
SDGPM25,Concentrations of fine particulate matter (PM2.5),text,AFR,Africa,Country,ZAF,South Africa,Year,2016,true,Residence Area Type,Total,TOTL,,,,,,,,,,25.15,,,21.6,,34.17,25.15 [21.6 – 34.17],,,EN,2021-05-07T04:00:00.000Z
SDGPM25,Concentrations of fine particulate matter (PM2.5),text,AFR,Africa,Country,BWA,Botswana,Year,2016,true,Residence Area Type,Total,TOTL,,,,,,,,,,25.16,,,17.75,,37.45,25.16 [17.75 – 37.45],,,EN,2021-05-07T04:00:00.000Z
SDGPM25,Concentrations of fine particulate matter (PM2.5),text,AFR,Africa,Country,ZWE,Zimbabwe,Year,2016,true,Residence Area Type,Total,TOTL,,,,,,,,,,25.18,,,15.94,,42.19,25.18 [15.94 – 42.19],,,EN,2021-05-07T04:00:00.000Z
SDGPM25,Concentrations of fine particulate matter (PM2.5),text,AMR,Americas,Country,HND,Honduras,Year,2016,true,Residence Area Type,Total,TOTL,,,,,,,,,,25.47,,,19.6,,34.76,25.47 [19.6 – 34.76],,,EN,2021-05-07T04:00:00.000Z
SDGPM25,Concentrations of fine particulate matter (PM2.5),text,AFR,Africa,Country,MWI,Malawi,Year,2016,true,Residence Area Type,Total,TOTL,,,,,,,,,,25.62,,,15.19,,47.15,25.62 [15.19 – 47.15],,,EN,2021-05-07T04:00:00.000Z
SDGPM25,Concentrations of fine particulate matter (PM2.5),text,AMR,Americas,Country,BOL,Bolivia (Plurinational State of),Year,2016,true,Residence Area Type,Total,TOTL,,,,,,,,,,26.06,,,18.74,,39.43,26.06 [18.74 – 39.43],,,EN,2021-05-07T04:00:00.000Z
SDGPM25,Concentrations of fine particulate matter (PM2.5),text,WPR,Western Pacific,Country,KOR,Republic of Korea,Year,2016,true,Residence Area Type,Total,TOTL,,,,,,,,,,26.41,,,24.42,,29.07,26.41 [24.42 – 29.07],,,EN,2021-05-07T04:00:00.000Z
SDGPM25,Concentrations of fine particulate matter (PM2.5),text,AMR,Americas,Country,SUR,Suriname,Year,2016,true,Residence Area Type,Total,TOTL,,,,,,,,,,26.48,,,11.51,,59.31,26.48 [11.51 – 59.31],,,EN,2021-05-07T04:00:00.000Z
SDGPM25,Concentrations of fine particulate matter (PM2.5),text,AFR,Africa,Country,KEN,Kenya,Year,2016,true,Residence Area Type,Total,TOTL,,,,,,,,,,26.6,,,19.53,,40.15,26.6 [19.53 – 40.15],,,EN,2021-05-07T04:00:00.000Z
SDGPM25,Concentrations of fine particulate matter (PM2.5),text,AFR,Africa,Country,TZA,United Republic of Tanzania,Year,2016,true,Residence Area Type,Total,TOTL,,,,,,,,,,26.73,,,19.32,,40.46,26.73 [19.32 – 40.46],,,EN,2021-05-07T04:00:00.000Z
SDGPM25,Concentrations of fine particulate matter (PM2.5),text,EMR,Eastern Mediterranean,Country,SOM,Somalia,Year,2016,true,Residence Area Type,Total,TOTL,,,,,,,,,,27.67,,,17.9,,43.35,27.67 [17.9 – 43.35],,,EN,2021-05-07T04:00:00.000Z
SDGPM25,Concentrations of fine particulate matter (PM2.5),text,EUR,Europe,Country,BIH,Bosnia and Herzegovina,Year,2016,true,Residence Area Type,Total,TOTL,,,,,,,,,,28.14,,,24.77,,30.89,28.14 [24.77 – 30.89],,,EN,2021-05-07T04:00:00.000Z
SDGPM25,Concentrations of fine particulate matter (PM2.5),text,EUR,Europe,Country,UZB,Uzbekistan,Year,2016,true,Residence Area Type,Total,TOTL,,,,,,,,,,28.3,,,17.13,,58.59,28.3 [17.13 – 58.59],,,EN,2021-05-07T04:00:00.000Z
SDGPM25,Concentrations of fine particulate matter (PM2.5),text,EMR,Eastern Mediterranean,Country,MAR,Morocco,Year,2016,true,Residence Area Type,Total,TOTL,,,,,,,,,,28.38,,,23.6,,35.6,28.38 [23.6 – 35.6],,,EN,2021-05-07T04:00:00.000Z
SDGPM25,Concentrations of fine particulate matter (PM2.5),text,AMR,Americas,Country,SLV,El Salvador,Year,2016,true,Residence Area Type,Total,TOTL,,,,,,,,,,29.14,,,19.73,,43.58,29.14 [19.73 – 43.58],,,EN,2021-05-07T04:00:00.000Z
SDGPM25,Concentrations of fine particulate matter (PM2.5),text,EUR,Europe,Country,MKD,The former Yugoslav Republic of Macedonia,Year,2016,true,Residence Area Type,Total,TOTL,,,,,,,,,,29.59,,,28.02,,34.13,29.59 [28.02 – 34.13],,,EN,2021-05-07T04:00:00.000Z
SDGPM25,Concentrations of fine particulate matter (PM2.5),text,SEAR,South-East Asia,Country,THA,Thailand,Year,2016,true,Residence Area Type,Total,TOTL,,,,,,,,,,29.83,,,26.68,,33.34,29.83 [26.68 – 33.34],,,EN,2021-05-07T04:00:00.000Z
SDGPM25,Concentrations of fine particulate matter (PM2.5),text,AMR,Americas,Country,PER,Peru,Year,2016,true,Residence Area Type,Total,TOTL,,,,,,,,,,30.46,,,24.48,,40.81,30.46 [24.48 – 40.81],,,EN,2021-05-07T04:00:00.000Z
SDGPM25,Concentrations of fine particulate matter (PM2.5),text,AMR,Americas,Country,GTM,Guatemala,Year,2016,true,Residence Area Type,Total,TOTL,,,,,,,,,,30.47,,,23.01,,40.14,30.47 [23.01 – 40.14],,,EN,2021-05-07T04:00:00.000Z
SDGPM25,Concentrations of fine particulate matter (PM2.5),text,EMR,Eastern Mediterranean,Country,LBN,Lebanon,Year,2016,true,Residence Area Type,Total,TOTL,,,,,,,,,,30.66,,,24.77,,37.79,30.66 [24.77 – 37.79],,,EN,2021-05-07T04:00:00.000Z
SDGPM25,Concentrations of fine particulate matter (PM2.5),text,AFR,Africa,Country,ZMB,Zambia,Year,2016,true,Residence Area Type,Total,TOTL,,,,,,,,,,30.79,,,19.25,,51.22,30.79 [19.25 – 51.22],,,EN,2021-05-07T04:00:00.000Z
SDGPM25,Concentrations of fine particulate matter (PM2.5),text,AFR,Africa,Country,ETH,Ethiopia,Year,2016,true,Residence Area Type,Total,TOTL,,,,,,,,,,31.85,,,22.2,,50.09,31.85 [22.2 – 50.09],,,EN,2021-05-07T04:00:00.000Z
SDGPM25,Concentrations of fine particulate matter (PM2.5),text,SEAR,South-East Asia,Country,MMR,Myanmar,Year,2016,true,Residence Area Type,Total,TOTL,,,,,,,,,,33.15,,,28.58,,39.01,33.15 [28.58 – 39.01],,,EN,2021-05-07T04:00:00.000Z
SDGPM25,Concentrations of fine particulate matter (PM2.5),text,EMR,Eastern Mediterranean,Country,JOR,Jordan,Year,2016,true,Residence Area Type,Total,TOTL,,,,,,,,,,33.2,,,28.64,,38.9,33.2 [28.64 – 38.9],,,EN,2021-05-07T04:00:00.000Z
SDGPM25,Concentrations of fine particulate matter (PM2.5),text,EMR,Eastern Mediterranean,Country,TUN,Tunisia,Year,2016,true,Residence Area Type,Total,TOTL,,,,,,,,,,33.27,,,23.59,,51.75,33.27 [23.59 – 51.75],,,EN,2021-05-07T04:00:00.000Z
SDGPM25,Concentrations of fine particulate matter (PM2.5),text,EUR,Europe,Country,ARM,Armenia,Year,2016,true,Residence Area Type,Total,TOTL,,,,,,,,,,33.84,,,24.47,,51.88,33.84 [24.47 – 51.88],,,EN,2021-05-07T04:00:00.000Z
SDGPM25,Concentrations of fine particulate matter (PM2.5),text,EMR,Eastern Mediterranean,Country,IRN,Iran (Islamic Republic of),Year,2016,true,Residence Area Type,Total,TOTL,,,,,,,,,,34.45,,,33.06,,42.21,34.45 [33.06 – 42.21],,,EN,2021-05-07T04:00:00.000Z
SDGPM25,Concentrations of fine particulate matter (PM2.5),text,AFR,Africa,Country,SSD,South Sudan,Year,2016,true,Residence Area Type,Total,TOTL,,,,,,,,,,34.75,,,22.17,,57.85,34.75 [22.17 – 57.85],,,EN,2021-05-07T04:00:00.000Z
SDGPM25,Concentrations of fine particulate matter (PM2.5),text,EUR,Europe,Country,TJK,Tajikistan,Year,2016,true,Residence Area Type,Total,TOTL,,,,,,,,,,34.86,,,19.99,,76.11,34.86 [19.99 – 76.11],,,EN,2021-05-07T04:00:00.000Z
SDGPM25,Concentrations of fine particulate matter (PM2.5),text,AFR,Africa,Country,DZA,Algeria,Year,2016,true,Residence Area Type,Total,TOTL,,,,,,,,,,35.18,,,23.11,,60.4,35.18 [23.11 – 60.4],,,EN,2021-05-07T04:00:00.000Z
SDGPM25,Concentrations of fine particulate matter (PM2.5),text,AFR,Africa,Country,BDI,Burundi,Year,2016,true,Residence Area Type,Total,TOTL,,,,,,,,,,36.81,,,19.95,,66.35,36.81 [19.95 – 66.35],,,EN,2021-05-07T04:00:00.000Z
SDGPM25,Concentrations of fine particulate matter (PM2.5),text,AFR,Africa,Country,ERI,Eritrea,Year,2016,true,Residence Area Type,Total,TOTL,,,,,,,,,,37.02,,,18.5,,69.32,37.02 [18.5 – 69.32],,,EN,2021-05-07T04:00:00.000Z
SDGPM25,Concentrations of fine particulate matter (PM2.5),text,EUR,Europe,Country,TUR,Turkey,Year,2016,true,Residence Area Type,Total,TOTL,,,,,,,,,,37.21,,,33.53,,43.14,37.21 [33.53 – 43.14],,,EN,2021-05-07T04:00:00.000Z
SDGPM25,Concentrations of fine particulate matter (PM2.5),text,EMR,Eastern Mediterranean,Country,SYR,Syrian Arab Republic,Year,2016,true,Residence Area Type,Total,TOTL,,,,,,,,,,37.43,,,32.18,,50.76,37.43 [32.18 – 50.76],,,EN,2021-05-07T04:00:00.000Z
SDGPM25,Concentrations of fine particulate matter (PM2.5),text,SEAR,South-East Asia,Country,BTN,Bhutan,Year,2016,true,Residence Area Type,Total,TOTL,,,,,,,,,,37.57,,,34.16,,47.44,37.57 [34.16 – 47.44],,,EN,2021-05-07T04:00:00.000Z
SDGPM25,Concentrations of fine particulate matter (PM2.5),text,AFR,Africa,Country,AGO,Angola,Year,2016,true,Residence Area Type,Total,TOTL,,,,,,,,,,38.29,,,22.61,,67.74,38.29 [22.61 – 67.74],,,EN,2021-05-07T04:00:00.000Z
SDGPM25,Concentrations of fine particulate matter (PM2.5),text,EMR,Eastern Mediterranean,Country,DJI,Djibouti,Year,2016,true,Residence Area Type,Total,TOTL,,,,,,,,,,38.34,,,19.83,,83.71,38.34 [19.83 – 83.71],,,EN,2021-05-07T04:00:00.000Z
SDGPM25,Concentrations of fine particulate matter (PM2.5),text,SEAR,South-East Asia,Country,PRK,Democratic People's Republic of Korea,Year,2016,true,Residence Area Type,Total,TOTL,,,,,,,,,,38.89,,,29.3,,52.96,38.89 [29.3 – 52.96],,,EN,2021-05-07T04:00:00.000Z
SDGPM25,Concentrations of fine particulate matter (PM2.5),text,AFR,Africa,Country,STP,Sao Tome and Principe,Year,2016,true,Residence Area Type,Total,TOTL,,,,,,,,,,39,,,25.09,,63.25,39 [25.09 – 63.25],,,EN,2021-05-07T04:00:00.000Z
SDGPM25,Concentrations of fine particulate matter (PM2.5),text,AFR,Africa,Country,RWA,Rwanda,Year,2016,true,Residence Area Type,Total,TOTL,,,,,,,,,,39.7,,,19.84,,69.41,39.7 [19.84 – 69.41],,,EN,2021-05-07T04:00:00.000Z
SDGPM25,Concentrations of fine particulate matter (PM2.5),text,AFR,Africa,Country,GAB,Gabon,Year,2016,true,Residence Area Type,Total,TOTL,,,,,,,,,,40.81,,,23.59,,70.16,40.81 [23.59 – 70.16],,,EN,2021-05-07T04:00:00.000Z
SDGPM25,Concentrations of fine particulate matter (PM2.5),text,EMR,Eastern Mediterranean,Country,YEM,Yemen,Year,2016,true,Residence Area Type,Total,TOTL,,,,,,,,,,41.46,,,24.62,,78.11,41.46 [24.62 – 78.11],,,EN,2021-05-07T04:00:00.000Z
SDGPM25,Concentrations of fine particulate matter (PM2.5),text,AFR,Africa,Country,BEN,Benin,Year,2016,true,Residence Area Type,Total,TOTL,,,,,,,,,,42.17,,,29.78,,72.44,42.17 [29.78 – 72.44],,,EN,2021-05-07T04:00:00.000Z
SDGPM25,Concentrations of fine particulate matter (PM2.5),text,AFR,Africa,Country,COD,Democratic Republic of the Congo,Year,2016,true,Residence Area Type,Total,TOTL,,,,,,,,,,42.5,,,29.53,,70.72,42.5 [29.53 – 70.72],,,EN,2021-05-07T04:00:00.000Z
SDGPM25,Concentrations of fine particulate matter (PM2.5),text,AFR,Africa,Country,UGA,Uganda,Year,2016,true,Residence Area Type,Total,TOTL,,,,,,,,,,42.75,,,30.67,,61.18,42.75 [30.67 – 61.18],,,EN,2021-05-07T04:00:00.000Z
SDGPM25,Concentrations of fine particulate matter (PM2.5),text,WPR,Western Pacific,Country,MNG,Mongolia,Year,2016,true,Residence Area Type,Total,TOTL,,,,,,,,,,42.79,,,31.51,,57.67,42.79 [31.51 – 57.67],,,EN,2021-05-07T04:00:00.000Z
SDGPM25,Concentrations of fine particulate matter (PM2.5),text,AFR,Africa,Country,COG,Congo,Year,2016,true,Residence Area Type,Total,TOTL,,,,,,,,,,42.88,,,25.79,,78.44,42.88 [25.79 – 78.44],,,EN,2021-05-07T04:00:00.000Z
SDGPM25,Concentrations of fine particulate matter (PM2.5),text,AFR,Africa,Country,CAF,Central African Republic,Year,2016,true,Residence Area Type,Total,TOTL,,,,,,,,,,43.27,,,24.4,,82.03,43.27 [24.4 – 82.03],,,EN,2021-05-07T04:00:00.000Z
SDGPM25,Concentrations of fine particulate matter (PM2.5),text,EMR,Eastern Mediterranean,Country,OMN,Oman,Year,2016,true,Residence Area Type,Total,TOTL,,,,,,,,,,43.69,,,32.93,,67.29,43.69 [32.93 – 67.29],,,EN,2021-05-07T04:00:00.000Z
SDGPM25,Concentrations of fine particulate matter (PM2.5),text,EMR,Eastern Mediterranean,Country,SDN,Sudan,Year,2016,true,Residence Area Type,Total,TOTL,,,,,,,,,,43.8,,,27.75,,77.74,43.8 [27.75 – 77.74],,,EN,2021-05-07T04:00:00.000Z
SDGPM25,Concentrations of fine particulate matter (PM2.5),text,AFR,Africa,Country,GNQ,Equatorial Guinea,Year,2016,true,Residence Area Type,Total,TOTL,,,,,,,,,,44.47,,,24.87,,82.69,44.47 [24.87 – 82.69],,,EN,2021-05-07T04:00:00.000Z
SDGPM25,Concentrations of fine particulate matter (PM2.5),text,EMR,Eastern Mediterranean,Country,ARE,United Arab Emirates,Year,2016,true,Residence Area Type,Total,TOTL,,,,,,,,,,44.87,,,33.67,,60.44,44.87 [33.67 – 60.44],,,EN,2021-05-07T04:00:00.000Z
SDGPM25,Concentrations of fine particulate matter (PM2.5),text,AFR,Africa,Country,TGO,Togo,Year,2016,true,Residence Area Type,Total,TOTL,,,,,,,,,,45.48,,,31.75,,73.5,45.48 [31.75 – 73.5],,,EN,2021-05-07T04:00:00.000Z
SDGPM25,Concentrations of fine particulate matter (PM2.5),text,WPR,Western Pacific,Country,CHN,China,Year,2016,true,Residence Area Type,Total,TOTL,,,,,,,,,,45.76,,,45.86,,50.03,45.76 [45.86 – 50.03],,,EN,2021-05-07T04:00:00.000Z
SDGPM25,Concentrations of fine particulate matter (PM2.5),text,EMR,Eastern Mediterranean,Country,LBY,Libya,Year,2016,true,Residence Area Type,Total,TOTL,,,,,,,,,,49.23,,,32.11,,87.85,49.23 [32.11 – 87.85],,,EN,2021-05-07T04:00:00.000Z
SDGPM25,Concentrations of fine particulate matter (PM2.5),text,EUR,Europe,Country,SWE,Sweden,Year,2016,true,Residence Area Type,Total,TOTL,,,,,,,,,,5.73,,,5.6,,6.28,5.73 [5.6 – 6.28],,,EN,2021-05-07T04:00:00.000Z
SDGPM25,Concentrations of fine particulate matter (PM2.5),text,EUR,Europe,Country,FIN,Finland,Year,2016,true,Residence Area Type,Total,TOTL,,,,,,,,,,5.75,,,5.42,,6.08,5.75 [5.42 – 6.08],,,EN,2021-05-07T04:00:00.000Z
SDGPM25,Concentrations of fine particulate matter (PM2.5),text,EUR,Europe,Country,ISL,Iceland,Year,2016,true,Residence Area Type,Total,TOTL,,,,,,,,,,5.81,,,5.53,,7.11,5.81 [5.53 – 7.11],,,EN,2021-05-07T04:00:00.000Z
SDGPM25,Concentrations of fine particulate matter (PM2.5),text,AFR,Africa,Country,LBR,Liberia,Year,2016,true,Residence Area Type,Total,TOTL,,,,,,,,,,52.28,,,31.35,,90.87,52.28 [31.35 – 90.87],,,EN,2021-05-07T04:00:00.000Z
SDGPM25,Concentrations of fine particulate matter (PM2.5),text,AFR,Africa,Country,GIN,Guinea,Year,2016,true,Residence Area Type,Total,TOTL,,,,,,,,,,53.32,,,29.88,,99.82,53.32 [29.88 – 99.82],,,EN,2021-05-07T04:00:00.000Z
SDGPM25,Concentrations of fine particulate matter (PM2.5),text,AFR,Africa,Country,SLE,Sierra Leone,Year,2016,true,Residence Area Type,Total,TOTL,,,,,,,,,,54.28,,,29.84,,95.3,54.28 [29.84 – 95.3],,,EN,2021-05-07T04:00:00.000Z
SDGPM25,Concentrations of fine particulate matter (PM2.5),text,AFR,Africa,Country,GNB,Guinea-Bissau,Year,2016,true,Residence Area Type,Total,TOTL,,,,,,,,,,54.43,,,28.6,,97.17,54.43 [28.6 – 97.17],,,EN,2021-05-07T04:00:00.000Z
SDGPM25,Concentrations of fine particulate matter (PM2.5),text,AFR,Africa,Country,GHA,Ghana,Year,2016,true,Residence Area Type,Total,TOTL,,,,,,,,,,54.5,,,37.42,,86.41,54.5 [37.42 – 86.41],,,EN,2021-05-07T04:00:00.000Z
SDGPM25,Concentrations of fine particulate matter (PM2.5),text,EMR,Eastern Mediterranean,Country,AFG,Afghanistan,Year,2016,true,Residence Area Type,Total,TOTL,,,,,,,,,,55.14,,,31.15,,93.7,55.14 [31.15 – 93.7],,,EN,2021-05-07T04:00:00.000Z
SDGPM25,Concentrations of fine particulate matter (PM2.5),text,EMR,Eastern Mediterranean,Country,IRQ,Iraq,Year,2016,true,Residence Area Type,Total,TOTL,,,,,,,,,,55.42,,,42.91,,79.18,55.42 [42.91 – 79.18],,,EN,2021-05-07T04:00:00.000Z
SDGPM25,Concentrations of fine particulate matter (PM2.5),text,AFR,Africa,Country,BFA,Burkina Faso,Year,2016,true,Residence Area Type,Total,TOTL,,,,,,,,,,55.96,,,31.32,,106.4,55.96 [31.32 – 106.4],,,EN,2021-05-07T04:00:00.000Z
SDGPM25,Concentrations of fine particulate matter (PM2.5),text,AFR,Africa,Country,CIV,Côte d’Ivoire,Year,2016,true,Residence Area Type,Total,TOTL,,,,,,,,,,57.65,,,33.86,,97.85,57.65 [33.86 – 97.85],,,EN,2021-05-07T04:00:00.000Z
SDGPM25,Concentrations of fine particulate matter (PM2.5),text,AFR,Africa,Country,GMB,Gambia,Year,2016,true,Residence Area Type,Total,TOTL,,,,,,,,,,57.74,,,31.85,,96.64,57.74 [31.85 – 96.64],,,EN,2021-05-07T04:00:00.000Z
SDGPM25,Concentrations of fine particulate matter (PM2.5),text,EMR,Eastern Mediterranean,Country,PAK,Pakistan,Year,2016,true,Residence Area Type,Total,TOTL,,,,,,,,,,58.76,,,46.89,,77.04,58.76 [46.89 – 77.04],,,EN,2021-05-07T04:00:00.000Z
SDGPM25,Concentrations of fine particulate matter (PM2.5),text,AFR,Africa,Country,SEN,Senegal,Year,2016,true,Residence Area Type,Total,TOTL,,,,,,,,,,59.78,,,37.3,,93.76,59.78 [37.3 – 93.76],,,EN,2021-05-07T04:00:00.000Z
SDGPM25,Concentrations of fine particulate matter (PM2.5),text,EUR,Europe,Country,EST,Estonia,Year,2016,true,Residence Area Type,Total,TOTL,,,,,,,,,,6.41,,,5.85,,7.26,6.41 [5.85 – 7.26],,,EN,2021-05-07T04:00:00.000Z
SDGPM25,Concentrations of fine particulate matter (PM2.5),text,AMR,Americas,Country,CAN,Canada,Year,2016,true,Residence Area Type,Total,TOTL,,,,,,,,,,6.41,,,6.19,,6.61,6.41 [6.19 – 6.61],,,EN,2021-05-07T04:00:00.000Z
SDGPM25,Concentrations of fine particulate matter (PM2.5),text,WPR,Western Pacific,Country,NZL,New Zealand,Year,2016,true,Residence Area Type,Total,TOTL,,,,,,,,,,6.65,,,6.2,,7.52,6.65 [6.2 – 7.52],,,EN,2021-05-07T04:00:00.000Z
SDGPM25,Concentrations of fine particulate matter (PM2.5),text,EUR,Europe,Country,NOR,Norway,Year,2016,true,Residence Area Type,Total,TOTL,,,,,,,,,,6.82,,,6.34,,7.26,6.82 [6.34 – 7.26],,,EN,2021-05-07T04:00:00.000Z
SDGPM25,Concentrations of fine particulate matter (PM2.5),text,EMR,Eastern Mediterranean,Country,SAU,Saudi Arabia,Year,2016,true,Residence Area Type,Total,TOTL,,,,,,,,,,60.11,,,49.34,,79.21,60.11 [49.34 – 79.21],,,EN,2021-05-07T04:00:00.000Z
SDGPM25,Concentrations of fine particulate matter (PM2.5),text,AFR,Africa,Country,NGA,Nigeria,Year,2016,true,Residence Area Type,Total,TOTL,,,,,,,,,,61.73,,,46.33,,114.2,61.73 [46.33 – 114.2],,,EN,2021-05-07T04:00:00.000Z
SDGPM25,Concentrations of fine particulate matter (PM2.5),text,AFR,Africa,Country,CPV,Cabo Verde,Year,2016,true,Residence Area Type,Total,TOTL,,,,,,,,,,62.2,,,36.01,,110.3,62.2 [36.01 – 110.3],,,EN,2021-05-07T04:00:00.000Z
SDGPM25,Concentrations of fine particulate matter (PM2.5),text,EMR,Eastern Mediterranean,Country,KWT,Kuwait,Year,2016,true,Residence Area Type,Total,TOTL,,,,,,,,,,62.59,,,55.53,,77.2,62.59 [55.53 – 77.2],,,EN,2021-05-07T04:00:00.000Z
SDGPM25,Concentrations of fine particulate matter (PM2.5),text,SEAR,South-East Asia,Country,BGD,Bangladesh,Year,2016,true,Residence Area Type,Total,TOTL,,,,,,,,,,62.79,,,53.88,,74.26,62.79 [53.88 – 74.26],,,EN,2021-05-07T04:00:00.000Z
SDGPM25,Concentrations of fine particulate matter (PM2.5),text,EMR,Eastern Mediterranean,Country,BHR,Bahrain,Year,2016,true,Residence Area Type,Total,TOTL,,,,,,,,,,63.21,,,52.3,,82.02,63.21 [52.3 – 82.02],,,EN,2021-05-07T04:00:00.000Z
SDGPM25,Concentrations of fine particulate matter (PM2.5),text,AFR,Africa,Country,MLI,Mali,Year,2016,true,Residence Area Type,Total,TOTL,,,,,,,,,,63.64,,,35.33,,122.9,63.64 [35.33 – 122.9],,,EN,2021-05-07T04:00:00.000Z
SDGPM25,Concentrations of fine particulate matter (PM2.5),text,AFR,Africa,Country,TCD,Chad,Year,2016,true,Residence Area Type,Total,TOTL,,,,,,,,,,64.27,,,39.6,,137.1,64.27 [39.6 – 137.1],,,EN,2021-05-07T04:00:00.000Z
SDGPM25,Concentrations of fine particulate matter (PM2.5),text,AFR,Africa,Country,CMR,Cameroon,Year,2016,true,Residence Area Type,Total,TOTL,,,,,,,,,,65.42,,,48.18,,107.9,65.42 [48.18 – 107.9],,,EN,2021-05-07T04:00:00.000Z
SDGPM25,Concentrations of fine particulate matter (PM2.5),text,SEAR,South-East Asia,Country,IND,India,Year,2016,true,Residence Area Type,Total,TOTL,,,,,,,,,,68.76,,,74.18,,88.96,68.76 [74.18 – 88.96],,,EN,2021-05-07T04:00:00.000Z
SDGPM25,Concentrations of fine particulate matter (PM2.5),text,WPR,Western Pacific,Country,AUS,Australia,Year,2016,true,Residence Area Type,Total,TOTL,,,,,,,,,,7.14,,,6.29,,8.68,7.14 [6.29 – 8.68],,,EN,2021-05-07T04:00:00.000Z
SDGPM25,Concentrations of fine particulate matter (PM2.5),text,AMR,Americas,Country,USA,United States of America,Year,2016,true,Residence Area Type,Total,TOTL,,,,,,,,,,7.43,,,7.35,,7.58,7.43 [7.35 – 7.58],,,EN,2021-05-07T04:00:00.000Z
SDGPM25,Concentrations of fine particulate matter (PM2.5),text,WPR,Western Pacific,Country,BRN,Brunei Darussalam,Year,2016,true,Residence Area Type,Total,TOTL,,,,,,,,,,7.51,,,6.07,,9.45,7.51 [6.07 – 9.45],,,EN,2021-05-07T04:00:00.000Z
SDGPM25,Concentrations of fine particulate matter (PM2.5),text,EUR,Europe,Country,PRT,Portugal,Year,2016,true,Residence Area Type,Total,TOTL,,,,,,,,,,7.69,,,7.47,,8.07,7.69 [7.47 – 8.07],,,EN,2021-05-07T04:00:00.000Z
SDGPM25,Concentrations of fine particulate matter (PM2.5),text,EMR,Eastern Mediterranean,Country,EGY,Egypt,Year,2016,true,Residence Area Type,Total,TOTL,,,,,,,,,,72.31,,,52.78,,102.9,72.31 [52.78 – 102.9],,,EN,2021-05-07T04:00:00.000Z
SDGPM25,Concentrations of fine particulate matter (PM2.5),text,AFR,Africa,Country,MRT,Mauritania,Year,2016,true,Residence Area Type,Total,TOTL,,,,,,,,,,74.13,,,43.37,,135.5,74.13 [43.37 – 135.5],,,EN,2021-05-07T04:00:00.000Z
SDGPM25,Concentrations of fine particulate matter (PM2.5),text,EUR,Europe,Country,IRL,Ireland,Year,2016,true,Residence Area Type,Total,TOTL,,,,,,,,,,8.01,,,7.51,,8.72,8.01 [7.51 – 8.72],,,EN,2021-05-07T04:00:00.000Z
SDGPM25,Concentrations of fine particulate matter (PM2.5),text,WPR,Western Pacific,Country,NRU,Nauru,Year,2016,true,Residence Area Type,Total,TOTL,,,,,,,,,,8.19,,,4.57,,14.05,8.19 [4.57 – 14.05],,,EN,2021-05-07T04:00:00.000Z
SDGPM25,Concentrations of fine particulate matter (PM2.5),text,WPR,Western Pacific,Country,TUV,Tuvalu,Year,2016,true,Residence Area Type,Total,TOTL,,,,,,,,,,8.5,,,4.48,,17.46,8.5 [4.48 – 17.46],,,EN,2021-05-07T04:00:00.000Z
SDGPM25,Concentrations of fine particulate matter (PM2.5),text,EUR,Europe,Country,AND,Andorra,Year,2016,true,Residence Area Type,Total,TOTL,,,,,,,,,,8.71,,,8.05,,10.32,8.71 [8.05 – 10.32],,,EN,2021-05-07T04:00:00.000Z
SDGPM25,Concentrations of fine particulate matter (PM2.5),text,WPR,Western Pacific,Country,PLW,Palau,Year,2016,true,Residence Area Type,Total,TOTL,,,,,,,,,,8.79,,,4.93,,15.95,8.79 [4.93 – 15.95],,,EN,2021-05-07T04:00:00.000Z
SDGPM25,Concentrations of fine particulate matter (PM2.5),text,WPR,Western Pacific,Country,COK,Cook Islands,Year,2016,true,Residence Area Type,Total,TOTL,,,,,,,,,,8.87,,,4.75,,14.48,8.87 [4.75 – 14.48],,,EN,2021-05-07T04:00:00.000Z
SDGPM25,Concentrations of fine particulate matter (PM2.5),text,EMR,Eastern Mediterranean,Country,QAT,Qatar,Year,2016,true,Residence Area Type,Total,TOTL,,,,,,,,,,80.8,,,68.02,,106.2,80.8 [68.02 – 106.2],,,EN,2021-05-07T04:00:00.000Z
SDGPM25,Concentrations of fine particulate matter (PM2.5),text,SEAR,South-East Asia,Country,NPL,Nepal,Year,2016,true,Residence Area Type,Total,TOTL,,,,,,,,,,81.57,,,63.07,,108.3,81.57 [63.07 – 108.3],,,EN,2021-05-07T04:00:00.000Z
SDGPM25,Concentrations of fine particulate matter (PM2.5),text,EUR,Europe,Country,ESP,Spain,Year,2016,true,Residence Area Type,Total,TOTL,,,,,,,,,,9.2,,,9.17,,9.56,9.2 [9.17 – 9.56],,,EN,2021-05-07T04:00:00.000Z
SDGPM25,Concentrations of fine particulate matter (PM2.5),text,WPR,Western Pacific,Country,NIU,Niue,Year,2016,true,Residence Area Type,Total,TOTL,,,,,,,,,,9.34,,,4.88,,16.37,9.34 [4.88 – 16.37],,,EN,2021-05-07T04:00:00.000Z
SDGPM25,Concentrations of fine particulate matter (PM2.5),text,AMR,Americas,Country,KNA,Saint Kitts and Nevis,Year,2016,true,Residence Area Type,Total,TOTL,,,,,,,,,,9.73,,,7.38,,12.55,9.73 [7.38 – 12.55],,,EN,2021-05-07T04:00:00.000Z
SDGPM25,Concentrations of fine particulate matter (PM2.5),text,EUR,Europe,Country,RUS,Russian Federation,Year,2016,true,Residence Area Type,Total,TOTL,,,,,,,,,,9.8,,,8.02,,13.59,9.8 [8.02 – 13.59],,,EN,2021-05-07T04:00:00.000Z
SDGPM25,Concentrations of fine particulate matter (PM2.5),text,EUR,Europe,Country,DNK,Denmark,Year,2016,true,Residence Area Type,Total,TOTL,,,,,,,,,,9.85,,,9.04,,11.11,9.85 [9.04 – 11.11],,,EN,2021-05-07T04:00:00.000Z
SDGPM25,Concentrations of fine particulate matter (PM2.5),text,AMR,Americas,Country,URY,Uruguay,Year,2016,true,Residence Area Type,Total,TOTL,,,,,,,,,,9.95,,,8.47,,13.13,9.95 [8.47 – 13.13],,,EN,2021-05-07T04:00:00.000Z
SDGPM25,Concentrations of fine particulate matter (PM2.5),text,AFR,Africa,Country,NER,Niger,Year,2016,true,Residence Area Type,Total,TOTL,,,,,,,,,,93.18,,,57.75,,211.9,93.18 [57.75 – 211.9],,,EN,2021-05-07T04:00:00.000Z
